"Number","Report","Title","Projects","SourceFile","Type","Member","StartLine","EndLine","Confidence","OldChatNumber","InitialCommit","SourceBaseline"
"1","Aggregate-cache-after-committed-publication-failure.md","Aggregate keeps old state when a saved write reports a notification failure","DomainModeling.Runtime","src/DomainModeling.Runtime/GenericAggregateGrain.cs","GenericAggregateGrain<TAggregate>","PersistEventsAndDispatchEffectsAsync","690","693","High","8","6f90ab3a3679221e81a0c3065edc5044a24c9698","aa4a686677ab41b25ecdfd445b280b45d2f43fb1"
"2","Aggregate-route-prefix-override.md","Generated aggregate client effects ignore the configured RoutePrefix","Inlet.Client.Generators","src/Inlet.Client.Generators/CommandClientActionEffectsGenerator.cs","CommandClientActionEffectsGenerator","GenerateActionEffect","76","84","High","","552a64ad9213dbb4005e4bff63effc7d3fee1ad2","aa4a686677ab41b25ecdfd445b280b45d2f43fb1"
"3","Aqueduct-group-failure-aborts-other-members.md","One group member failure stops sends to the remaining members","Aqueduct.Runtime","src/Aqueduct.Runtime/Grains/SignalRGroupGrain.cs","SignalRGroupGrain","SendMessageAsync","167","171","Medium","20","054d71848a2921c54856515cf938fb6b64bf900b","aa4a686677ab41b25ecdfd445b280b45d2f43fb1"
"4","Aqueduct-heartbeat-startup-cannot-retry.md","Failed heartbeat startup is never retried after stream setup succeeds","Aqueduct.Gateway","src/Aqueduct.Gateway/AqueductHubLifetimeManager.cs","AqueductHubLifetimeManager<THub>","EnsureStreamSetupAsync","354","373","High","24","8ab543627d3beb037903ceb92d10a94bf1c6225c","aa4a686677ab41b25ecdfd445b280b45d2f43fb1"
"5","Aqueduct-idle-collection-loses-live-routing.md","Idle grain collection can remove routing for an open connection","Aqueduct.Runtime; Inlet.Runtime","src/Aqueduct.Runtime/Grains/SignalRClientGrain.cs","SignalRClientGrain / SignalRGroupGrain / InletSubscriptionGrain","In-memory activation state and activation lifecycle","44","51","Medium","19","a5761404df851e7b6ee6e61b9b7b2d388c1637c9","aa4a686677ab41b25ecdfd445b280b45d2f43fb1"
"6","Aqueduct-multiple-hubs-share-state.md","Multiple SignalR hubs share the first hub's streams and connection list","Aqueduct.Gateway","src/Aqueduct.Gateway/AqueductRegistrations.cs","AqueductRegistrations","AddAqueduct<THub>","43","48","High","22","33c58818007b66bff5cb92c72555c0a1b270f0bc","aa4a686677ab41b25ecdfd445b280b45d2f43fb1"
"7","Aqueduct-partial-stream-setup-leaks-subscription.md","Retrying partial stream setup leaves extra server subscriptions","Aqueduct.Gateway","src/Aqueduct.Gateway/StreamSubscriptionManager.cs","StreamSubscriptionManager","EnsureInitializedAsync","115","127","High","23","5f39c11c50e4a50489a88a19a0fd850f0a439fbb","aa4a686677ab41b25ecdfd445b280b45d2f43fb1"
"8","Aqueduct-user-target-key-rejected.md","User-targeted sends create a group name that the default factory rejects","Aqueduct.Gateway","src/Aqueduct.Gateway/AqueductHubLifetimeManager.cs","AqueductHubLifetimeManager<THub>","SendUserAsync / SendUsersAsync","329","331","High","21","8a72e7a8393ef4af80fac123214f3d44c2960d1d","aa4a686677ab41b25ecdfd445b280b45d2f43fb1"
"9","Array-collection-detection.md","Projection arrays lose the information needed to generate their element types","Inlet.Generators.Core","src/Inlet.Generators.Core/Analysis/TypeAnalyzer.cs","TypeAnalyzer","IsCollectionType","123","145","High","47","5737c8159c9a724a117bb3487c43caf68aa2ef37","aa4a686677ab41b25ecdfd445b280b45d2f43fb1"
"10","Command-source-hint-collision.md","Commands with the same name in different aggregates clash during generation","Inlet.Client.Generators","src/Inlet.Client.Generators/CommandClientDtoGenerator.cs","CommandClientDtoGenerator","GenerateClientDto","89","93","High","","61021915ad4785c9e63dc6c997c93ffb4ade356b","aa4a686677ab41b25ecdfd445b280b45d2f43fb1"
"11","Concurrent-first-writers-clash-creating-lock-blob.md","Concurrent first writers can clash while creating the lock blob","Brooks.Runtime.Storage.Cosmos","src/Brooks.Runtime.Storage.Cosmos/Locking/BlobDistributedLockManager.cs","BlobDistributedLockManager","AcquireLockAsync","72","75","High","7","c69957fa34ef6aeb4b5269ceeec6f58a7d1f3fee","aa4a686677ab41b25ecdfd445b280b45d2f43fb1"
"12","Dictionary-element-type.md","Projection dictionary mapping examines the key instead of the value","Inlet.Generators.Core","src/Inlet.Generators.Core/Analysis/TypeAnalyzer.cs","TypeAnalyzer","GetCollectionElementType","30","41","High","48","fbb7a310c5a3257b0d0651cc28ca94b91c0df911","aa4a686677ab41b25ecdfd445b280b45d2f43fb1"
"13","Duplicate-nested-enum-output.md","Repeated enum properties make projection generation fail","Inlet.Client.Generators","src/Inlet.Client.Generators/ProjectionClientDtoGenerator.cs","ProjectionClientDtoGenerator","GenerateNestedTypeDto","254","263","High","","384c2d654f1f36c7839d7812a225b5a1ee9b8339","aa4a686677ab41b25ecdfd445b280b45d2f43fb1"
"14","Effect-creation-disposal-bypasses-isolation.md","Effect setup or cleanup failure stops later effects from running","DomainModeling.Runtime","src/DomainModeling.Runtime/RootEventEffect.cs","RootEventEffect<TAggregate>","EnumerateEffectSafelyAsync","289","304","High","","f5a9184a5f214739a132ed261f4c3d62037e0e4a","aa4a686677ab41b25ecdfd445b280b45d2f43fb1"
"15","Event-write-can-outlast-its-blob-lease.md","A slow event write can continue after its Blob lock expires","Brooks.Runtime.Storage.Cosmos","src/Brooks.Runtime.Storage.Cosmos/Brooks/EventBrookWriter.cs","EventBrookWriter","AppendSingleBatchAsync / AppendLargeBatchAsync","312","330","Medium","5","1f3f4b8673f7c465696eb9ad75616e32af9523c3","aa4a686677ab41b25ecdfd445b280b45d2f43fb1"
"16","Generated-property-type-imports.md","Generated DTO files cannot resolve valid property types","Inlet.Generators.Core","src/Inlet.Generators.Core/Analysis/PropertyModel.cs","PropertyModel","PropertyModel constructor","31","34","High","","1edce8c27874e364704bc3ee88f184ac0c8595ae","aa4a686677ab41b25ecdfd445b280b45d2f43fb1"
"17","Generic-saga-domain-composition.md","Domain registration skips sagas declared with the generic marker","Inlet.Generators.Core","src/Inlet.Generators.Core/Analysis/GeneratorSymbolAnalysis.cs","GeneratorSymbolAnalysis","ContainsAttribute","20","34","High","","0be10a000eb760384b853137845f61d28038218c","aa4a686677ab41b25ecdfd445b280b45d2f43fb1"
"18","If-none-match-valid-forms-ignored.md","Conditional projection requests ignore valid matching version headers","DomainModeling.Gateway","src/DomainModeling.Gateway/UxProjectionControllerBase{TProjection,TDto}.cs","UxProjectionControllerBase<TProjection,TDto>","GetAsync","137","144","High","","5cbf6e03f025d3de1a2cbfd126975e399093dfd4","aa4a686677ab41b25ecdfd445b280b45d2f43fb1"
"19","Incomplete-custom-dto-discovery.md","Projection generation stops before producing required nested object types","Inlet.Client.Generators","src/Inlet.Client.Generators/ProjectionClientDtoGenerator.cs","ProjectionClientDtoGenerator","GenerateClientDto / GenerateNestedTypeDto","127","143","High","43","78b69537f5e73db4aee268a4bf5c92a51a30dbad","aa4a686677ab41b25ecdfd445b280b45d2f43fb1"
"20","Inherited-public-properties.md","Generated projection DTOs omit inherited public properties","Inlet.Generators.Core","src/Inlet.Generators.Core/Analysis/ProjectionModel.cs","ProjectionModel","ProjectionModel constructor","60","66","High","49","8097f64f4a615cccd61e7765de5042f43c8c56c4","aa4a686677ab41b25ecdfd445b280b45d2f43fb1"
"21","Inlet-auth-scheme-compared-to-identity-label.md","Projection authorization can reject a user authenticated by the requested handler","Inlet.Gateway","src/Inlet.Gateway/InletHub.cs","InletHub","HasMatchingAuthenticationScheme / AuthorizeWithPolicyAsync","89","95","High","15","81368e192fcec35c82832915a231ade0338218da","aa4a686677ab41b25ecdfd445b280b45d2f43fb1"
"22","Inlet-command-always-posts.md","Generated clients send POST for commands configured with another HTTP method","Inlet.Client.Abstractions; Inlet.Client.Generators","src/Inlet.Client.Abstractions/ActionEffects/CommandActionEffectBase.cs","CommandActionEffectBase<TAction,TRequestDto,TState,TExecutingAction,TSucceededAction,TFailedAction>","HandleAsync","149","151","High","37","4dc471c276484fdd924c5b464bd0c371971fc395","aa4a686677ab41b25ecdfd445b280b45d2f43fb1"
"23","Inlet-command-id-changes-url.md","Reserved characters in an entity ID change the command URL","Inlet.Client.Abstractions","src/Inlet.Client.Abstractions/ActionEffects/CommandActionEffectBase.cs","CommandActionEffectBase<TAction,TRequestDto,TState,TExecutingAction,TSucceededAction,TFailedAction>","GetEndpoint","208","211","High","38","03cd393ee278dc37287b1a64424ef7887a9f26be","aa4a686677ab41b25ecdfd445b280b45d2f43fb1"
"24","Inlet-concurrent-subscribe-loses-id.md","Overlapping subscription requests lose one server subscription ID","Inlet.Client","src/Inlet.Client/ActionEffects/InletSignalRActionEffect.cs","InletSignalRActionEffect","HandleSubscribeAsync","245","297","High","26","98bf9dfcc6796b5bd010264a11089d735691bc2d","aa4a686677ab41b25ecdfd445b280b45d2f43fb1"
"25","Inlet-connection-start-returns-before-ready.md","Connection readiness call returns before a pending start has connected","Inlet.Client","src/Inlet.Client/ActionEffects/HubConnectionProvider.cs","HubConnectionProvider","EnsureConnectedAsync","79","84","High","33","43245884a7353d69f10873f40cc7ad643558c525","aa4a686677ab41b25ecdfd445b280b45d2f43fb1"
"26","Inlet-default-root-relative-routes-ignore-base-path.md","Default client routes discard an application's URL base path","Inlet.Client; Inlet.Client.Generators","src/Inlet.Client/ActionEffects/AutoProjectionFetcher.cs","AutoProjectionFetcher / HubConnectionProvider / generated command effects","Default route construction","32","32","Medium","35","5c9cdcda266421eb8600168e8007d27dfe38c399","aa4a686677ab41b25ecdfd445b280b45d2f43fb1"
"27","Inlet-failed-resubscribe-retains-dead-id.md","Failed reconnect subscription keeps an ID from the old connection","Inlet.Client","src/Inlet.Client/ActionEffects/InletSignalRActionEffect.cs","InletSignalRActionEffect","OnReconnectedAsync / HandleSubscribeAsync","451","476","Medium","31","593eeb8f55d62b68d698bf75908b8d3d3900fa85","aa4a686677ab41b25ecdfd445b280b45d2f43fb1"
"28","Inlet-failed-start-leaves-connecting-state.md","Failed SignalR startup leaves the displayed connection status at Connecting","Inlet.Client","src/Inlet.Client/ActionEffects/HubConnectionProvider.cs","HubConnectionProvider","EnsureConnectedAsync","81","83","Medium","34","f51ac282f75edd6c7a0943677f13fa70eae33cf4","aa4a686677ab41b25ecdfd445b280b45d2f43fb1"
"29","Inlet-fallback-fetch-mislabels-version.md","Latest-only fetcher data is labelled with the older notification version","Inlet.Client","src/Inlet.Client/ActionEffects/InletSignalRActionEffect.cs","InletSignalRActionEffect","OnProjectionUpdatedAsync","414","421","High","","8ef430146be262c1ec8805a93ebfc0cd2875847a","aa4a686677ab41b25ecdfd445b280b45d2f43fb1"
"30","Inlet-fetch-timeout-keeps-loading.md","Projection HTTP timeout leaves its loading flag set","Inlet.Client","src/Inlet.Client/ActionEffects/InletSignalRActionEffect.cs","InletSignalRActionEffect","HandleRefreshAsync / HandleSubscribeAsync","191","210","High","29","c6b0eee152374e868120f009ffda0bf126f668e1","aa4a686677ab41b25ecdfd445b280b45d2f43fb1"
"31","Inlet-malformed-command-reply-keeps-in-flight.md","Invalid successful response leaves a completed command marked as executing","Inlet.Client.Abstractions","src/Inlet.Client.Abstractions/ActionEffects/CommandActionEffectBase.cs","CommandActionEffectBase<TAction,TRequestDto,TState,TExecutingAction,TSucceededAction,TFailedAction>","HandleAsync","144","161","High","39","5765720f038ab9c3652b0b7e2c06f931482e8ef4","aa4a686677ab41b25ecdfd445b280b45d2f43fb1"
"32","Inlet-restarted-closed-connection-keeps-old-ids.md","Manual connection restart does not restore earlier projection subscriptions","Inlet.Client","src/Inlet.Client/ActionEffects/HubConnectionProvider.cs","HubConnectionProvider / InletSignalRActionEffect","EnsureConnectedAsync / OnReconnectedAsync","79","83","High","32","6f4ac3e2335fd777e7c654017e15320a6cd8e94d","aa4a686677ab41b25ecdfd445b280b45d2f43fb1"
"33","Inlet-subscription-setup-leaves-unreturned-entry.md","Failed subscription setup keeps an ID that the caller never receives","Inlet.Runtime","src/Inlet.Runtime/Grains/InletSubscriptionGrain.cs","InletSubscriptionGrain","SubscribeAsync / SubscribeToBrookStreamAsync","260","275","High","17","e70b15b7e3b533a4dbbb658a7c61c17dd07a6389","aa4a686677ab41b25ecdfd445b280b45d2f43fb1"
"34","Inlet-unsubscribe-pending-subscribe-completes-late.md","Late subscription reply restores an interest that was already released","Inlet.Client","src/Inlet.Client/ActionEffects/InletSignalRActionEffect.cs","InletSignalRActionEffect","HandleSubscribeAsync / HandleUnsubscribeAsync","345","355","High","27","8a005a09e7c3b9e003d12e23b3b136c258dd8d65","aa4a686677ab41b25ecdfd445b280b45d2f43fb1"
"35","Legacy-domain-namespace-client-gates.md","Client feature generation rejects namespaces accepted by domain registration","Inlet.Client.Generators","src/Inlet.Client.Generators/CommandClientActionEffectsGenerator.cs","CommandClientActionEffectsGenerator","GenerateActionEffect","76","81","High","","a0b8456ed0509db47c6ab0032f2cace117991655","aa4a686677ab41b25ecdfd445b280b45d2f43fb1"
"36","Mapped-stream-loses-enumerator-cancellation.md","Mapped async stream drops the consumer's cancellation request","Common.Abstractions","src/Common.Abstractions/Mapping/AsyncEnumerableMapper.cs","AsyncEnumerableMapper<TFrom,TTo>","Map","40","47","Medium","","46ab4cec0bed97d2a818452c6c8b9fa5e6505196","aa4a686677ab41b25ecdfd445b280b45d2f43fb1"
"37","Mcp-multiline-metadata-escaping.md","Line breaks in MCP descriptions produce invalid generated string literals","Inlet.Gateway.Generators","src/Inlet.Gateway.Generators/McpAggregateToolsGenerator.cs","McpAggregateToolsGenerator","EscapeForStringLiteral","152","155","High","","3c8875232a147a8ffcc1faa02b24221f59dd2aa6","aa4a686677ab41b25ecdfd445b280b45d2f43fb1"
"38","Mcp-nonconstant-property-default.md","Runtime property defaults become invalid MCP parameter defaults","Inlet.Gateway.Generators","src/Inlet.Gateway.Generators/McpAggregateToolsGenerator.cs","McpAggregateToolsGenerator","GetDefaultValueExpression","438","447","High","","fc7db28e671a10fa618403469dcdc079b336ddc1","aa4a686677ab41b25ecdfd445b280b45d2f43fb1"
"39","Mcp-optional-parameter-order.md","MCP generation puts required parameters after optional parameters","Inlet.Gateway.Generators","src/Inlet.Gateway.Generators/McpAggregateToolsGenerator.cs","McpAggregateToolsGenerator","GenerateCommandToolMethod","282","296","High","","564aec09b666dcaba1b68bfe31734352e4d64101","aa4a686677ab41b25ecdfd445b280b45d2f43fb1"
"40","Metadata-default-control-character-escaping.md","Line breaks in referenced command defaults produce invalid generated literals","Inlet.Generators.Core","src/Inlet.Generators.Core/Analysis/PropertyModel.cs","PropertyModel","FormatDefaultValue","235","248","High","","62b7424dcdc4fb92d2c6443466d608d909830473","aa4a686677ab41b25ecdfd445b280b45d2f43fb1"
"41","Metadata-enum-default-numeric-branch.md","Referenced enum defaults are emitted as numbers of the wrong type","Inlet.Generators.Core","src/Inlet.Generators.Core/Analysis/PropertyModel.cs","PropertyModel","FormatDefaultValue","270","277","High","","9948f7bc70a512bbcfdb02ef3482e42a259704de","aa4a686677ab41b25ecdfd445b280b45d2f43fb1"
"42","Negative-projection-version-escapes-action.md","Negative projection version throws instead of returning the documented response","DomainModeling.Gateway","src/DomainModeling.Gateway/UxProjectionControllerBase{TProjection,TDto}.cs","UxProjectionControllerBase<TProjection,TDto>","GetAtVersionAsync","172","186","High","","87da03ea538a942b6e0ccc181dc4855145cd783d","aa4a686677ab41b25ecdfd445b280b45d2f43fb1"
"43","Notifier-concurrent-subscribe-cleanup.md","Disposing the last subscriber can detach a new concurrent subscriber","Inlet.Gateway.Abstractions","src/Inlet.Gateway.Abstractions/InProcessProjectionNotifier.cs","InProcessProjectionNotifier","Subscribe / RemoveSubscription","82","100","High","","40034b557fde9b54bf4cdd66ba79225ed2b3f8f1","aa4a686677ab41b25ecdfd445b280b45d2f43fb1"
"44","Nullable-enum-analysis.md","Nullable enum properties produce missing types or invalid mappings","Inlet.Generators.Core","src/Inlet.Generators.Core/Analysis/TypeAnalyzer.cs","TypeAnalyzer","IsEnumType","153","156","High","46","bbbd85beecaf2cfd6c5d8fc4c3a2c486359afc2f","aa4a686677ab41b25ecdfd445b280b45d2f43fb1"
"45","Nullable-projection-collection-mapping.md","A null projection collection makes the generated mapper throw","Inlet.Gateway.Generators","src/Inlet.Gateway.Generators/ProjectionEndpointsGenerator.cs","ProjectionEndpointsGenerator","GenerateMapper","403","407","High","42","04d799156b37309ff10414290b18711eb93ebaf1","aa4a686677ab41b25ecdfd445b280b45d2f43fb1"
"46","Optional-command-defaults-lost.md","Omitted command values lose their declared defaults","Inlet.Gateway.Generators","src/Inlet.Gateway.Generators/CommandServerDtoGenerator.cs","CommandServerDtoGenerator","GenerateDto","121","134","High","","dd46ec025b85185bcc3687926a216b6896dd5e62","aa4a686677ab41b25ecdfd445b280b45d2f43fb1"
"47","Partial-batch-write-is-outside-rollback-range.md","A partly saved event batch is left outside the rollback range","Brooks.Runtime.Storage.Cosmos","src/Brooks.Runtime.Storage.Cosmos/Brooks/EventBrookWriter.cs","EventBrookWriter","AppendLargeBatchAsync / RollbackLargeBatchAsync","268","284","High","3","e3795c0184dffb9c275fe5c2977541ac9fb5e19b","aa4a686677ab41b25ecdfd445b280b45d2f43fb1"
"48","Positional-constructor-all-properties.md","Generated command mapping passes properties that are not constructor arguments","Inlet.Gateway.Generators","src/Inlet.Gateway.Generators/CommandServerDtoGenerator.cs","CommandServerDtoGenerator","GenerateMapper","175","187","High","41","70eb169d806e3ad478a5d508937d7d99865f2569","aa4a686677ab41b25ecdfd445b280b45d2f43fb1"
"49","Projection-body-etag-version-race.md","Projection response can advertise a different version from its data","DomainModeling.Gateway","src/DomainModeling.Gateway/UxProjectionControllerBase{TProjection,TDto}.cs","UxProjectionControllerBase<TProjection,TDto>","GetAsync","129","159","High","16","04d5133fb88489e6b0421effbb4b618a131c6795","aa4a686677ab41b25ecdfd445b280b45d2f43fb1"
"50","Projection-collection-shape.md","Generated projection mapping returns a list for incompatible collection types","Inlet.Gateway.Generators","src/Inlet.Gateway.Generators/ProjectionEndpointsGenerator.cs","ProjectionEndpointsGenerator","GenerateMapper","403","407","High","40","8a824000d77e9f019ee550a87a1075ade37408b2","aa4a686677ab41b25ecdfd445b280b45d2f43fb1"
"51","Projection-cursor-durable-subscriptions-accumulate.md","Projection cursor adds subscriptions on reactivation without releasing them","DomainModeling.Runtime","src/DomainModeling.Runtime/UxProjectionCursorGrain.cs","UxProjectionCursorGrain","OnActivateAsync / DeactivateAsync","120","124","High","","857eb3cafb9ba4411d7222dc807fe84f91320418","aa4a686677ab41b25ecdfd445b280b45d2f43fb1"
"52","Projection-cursor-read-subscribe-gap.md","Projection cursor can miss an update while its live subscription starts","DomainModeling.Runtime","src/DomainModeling.Runtime/UxProjectionCursorGrain.cs","UxProjectionCursorGrain","OnActivateAsync","115","124","Medium","","b930d1f19dc7bb16aa11fe95a50712adc550dc50","aa4a686677ab41b25ecdfd445b280b45d2f43fb1"
"53","Projection-nested-short-name-dedup.md","Projection generation skips a required type in another feature namespace","Inlet.Client.Generators","src/Inlet.Client.Generators/ProjectionClientDtoGenerator.cs","ProjectionClientDtoGenerator","GenerateClientDto / Initialize","120","143","High","45","ad5168709852c51e224d58b40d303c176c530682","aa4a686677ab41b25ecdfd445b280b45d2f43fb1"
"54","Reader-recovery-can-delete-an-active-first-write.md","A reader can delete events from a first write that is still running","Brooks.Runtime.Storage.Cosmos","src/Brooks.Runtime.Storage.Cosmos/Brooks/BrookRecoveryService.cs","BrookRecoveryService","GetOrRecoverCursorPositionAsync / RecoverFromOrphanedOperationAsync","88","92","High","2","2dddd5cb04af5459a8874800605a8e1db9eb3d2d","aa4a686677ab41b25ecdfd445b280b45d2f43fb1"
"55","Record-copy-constructor-classification.md","Record copy constructor is mistaken for a property-value constructor","Inlet.Generators.Core","src/Inlet.Generators.Core/Analysis/CommandModel.cs","CommandModel","CommandModel constructor","43","46","High","","1a7068ab33ea276cc29404e2da0904d117a7722f","aa4a686677ab41b25ecdfd445b280b45d2f43fb1"
"56","Recovery-skips-pending-writes-after-first-commit.md","Recovery skips unfinished writes after the first committed event","Brooks.Runtime.Storage.Cosmos","src/Brooks.Runtime.Storage.Cosmos/Brooks/BrookRecoveryService.cs","BrookRecoveryService","GetOrRecoverCursorPositionAsync","69","119","High","1","f57d51a50fe6962cde36db4ec29d16980a91b1f4","aa4a686677ab41b25ecdfd445b280b45d2f43fb1"
"57","Reducer-order-change-keeps-the-same-snapshot-hash.md","Changing reducer priority keeps the same snapshot version hash","Tributary.Runtime","src/Tributary.Runtime/RootReducer.cs","RootReducer<TProjection>","ComputeReducerHash","96","101","High","12","cc4544300ed6b8be84b2a4253c3ac65159ee89b6","aa4a686677ab41b25ecdfd445b280b45d2f43fb1"
"58","Reducer-with-two-event-interfaces-is-indexed-for-only-one.md","Reducer handling two event types is called for only one","Tributary.Runtime","src/Tributary.Runtime/RootReducer.cs","RootReducer<TProjection>","ExtractEventType / BuildReducerIndex","113","130","Medium","14","fe86047b5674447d2f106a1a30ed0ea62252e6cf","aa4a686677ab41b25ecdfd445b280b45d2f43fb1"
"59","Refraction-scene-renders-on-producer-context.md","Scene state update renders outside Blazor's required context","Refraction.Client.StateManagement","src/Refraction.Client.StateManagement/Scenes/SceneBase.cs","SceneBase<TState>","OnInitialized","135","139","High","","8352c7f3d3e5227965d42fd98fdd6f609c27bde1","aa4a686677ab41b25ecdfd445b280b45d2f43fb1"
"60","Reservoir-repeated-delegate-registration-reuses-last.md","Repeated delegate reducer registration makes earlier entries use the last delegate","Reservoir.Core; Tributary.Runtime","src/Reservoir.Core/ReservoirBuilderRegistrations.cs","ReservoirBuilderRegistrations / ReducerRegistrations","AddReducer delegate overloads","86","90","High","","c4886edd6c3e1666cc479791e4583c0bea76c858","aa4a686677ab41b25ecdfd445b280b45d2f43fb1"
"61","Reservoir-reset-captures-second-initial-instance.md","Store reset can restore a different value from its original initial state","Reservoir.Core","src/Reservoir.Core/Store.cs","Store / FeatureStateRegistration<TState>","DI constructor initial state capture","89","92","Medium","","fd3bd46f6a2f03ed08a556fe7efd68fc80c1498f","aa4a686677ab41b25ecdfd445b280b45d2f43fb1"
"62","Retrying-event-create-after-lost-reply-reports-failure.md","Retrying event creation after a lost reply can report a saved event as failed","Brooks.Runtime.Storage.Cosmos","src/Brooks.Runtime.Storage.Cosmos/Storage/CosmosRepository.cs","CosmosRepository","AppendEventBatchAsync","146","152","High","4","a750194130359b7413a9b699241869bf5065c87b","aa4a686677ab41b25ecdfd445b280b45d2f43fb1"
"63","Rollback-removes-pending-record-before-checking-deletions.md","Rollback removes its recovery record before checking failed deletions","Brooks.Runtime.Storage.Cosmos","src/Brooks.Runtime.Storage.Cosmos/Brooks/EventBrookWriter.cs","EventBrookWriter","RollbackLargeBatchAsync","369","388","High","6","8fec9e7faa610564074ab445ebd706c0c83db330","aa4a686677ab41b25ecdfd445b280b45d2f43fb1"
"64","Same-run-projection-registration-discovery.md","Projection registration cannot see DTOs generated in the same compiler run","Inlet.Client.Generators","src/Inlet.Client.Generators/ProjectionClientRegistrationGenerator.cs","ProjectionClientRegistrationGenerator","GetProjectionDtosFromCompilation","156","174","High","","64b8c9b55962b19b0b08f777dcc17efc488ec20f","aa4a686677ab41b25ecdfd445b280b45d2f43fb1"
"65","Slice-reader-keeps-an-incomplete-initial-cache.md","Slice reader keeps failing after an incomplete initial read","Brooks.Runtime","src/Brooks.Runtime/Reader/BrookSliceReaderGrain.cs","BrookSliceReaderGrain","OnActivateAsync / ReadAsync / PopulateCacheFromBrookAsync","99","110","Medium","11","65b05a8d2d29126756e841afddba8062ba9e765a","aa4a686677ab41b25ecdfd445b280b45d2f43fb1"
"66","Snapshot-prune-metric-counts-retention-rules.md","Snapshot pruning metric counts retention rules instead of operations","Tributary.Runtime.Storage.Cosmos","src/Tributary.Runtime.Storage.Cosmos/SnapshotStorageProvider.cs","SnapshotStorageProvider","PruneAsync","70","73","High","","49f197e172f8ce1a3d4467495b95111e5358f6c0","aa4a686677ab41b25ecdfd445b280b45d2f43fb1"
"67","Sourcebuilder-multiline-summary.md","Line breaks leave generated summary text outside its comment","Inlet.Generators.Core","src/Inlet.Generators.Core/Emit/SourceBuilder.cs","SourceBuilder","AppendSummary","117","124","High","","9456ae37e236dec508dd8e7f48a372f56b03478e","aa4a686677ab41b25ecdfd445b280b45d2f43fb1"
"68","Wide-enum-underlying-type.md","Generated projection enums cannot hold valid wide values","Inlet.Client.Generators","src/Inlet.Client.Generators/ProjectionClientDtoGenerator.cs","ProjectionClientDtoGenerator","GenerateNestedEnumDto","169","183","High","44","04db0d935ebde3dd8681e9d5fb3cbaf3524864dc","aa4a686677ab41b25ecdfd445b280b45d2f43fb1"
"69","Writer-ignores-custom-stream-id-factory.md","Writer sends cursor updates to a different channel from a custom factory","Brooks.Runtime","src/Brooks.Runtime/Writer/BrookWriterGrain.cs","BrookWriterGrain","PublishCursorAsync","135","141","High","","fe3030862e59f2e0955458b11700b79e3b679883","aa4a686677ab41b25ecdfd445b280b45d2f43fb1"
"70","Yielded-events-skip-background-effects.md","Events produced by synchronous effects skip their background effects","DomainModeling.Runtime","src/DomainModeling.Runtime/GenericAggregateGrain.cs","GenericAggregateGrain<TAggregate>","DispatchEffectsAsync","445","468","High","9","cc24d6d4e685892edbfd2a101ad9b281035ef51f","aa4a686677ab41b25ecdfd445b280b45d2f43fb1"
