"Case","InputCompilationErrors","GeneratorDiagnostics","OutputCompilationErrors","GeneratedSources","RuntimeObservation","RelevantReports","SDK","Language","Scope","SourceBaseline"
"projection-control","0","0","0","1","","","10.0.401","Preview","Isolated probes linked unchanged production generator code with small support stubs; some composition/route diagnostics are omitted-dependency errors. Not a complete host/build/test gate.","aa4a686677ab41b25ecdfd445b280b45d2f43fb1"
"custom-array","0","0","1","1","","Array-collection-detection.md","10.0.401","Preview","Isolated probes linked unchanged production generator code with small support stubs; some composition/route diagnostics are omitted-dependency errors. Not a complete host/build/test gate.","aa4a686677ab41b25ecdfd445b280b45d2f43fb1"
"direct-custom","0","0","1","1","","Incomplete-custom-dto-discovery.md","10.0.401","Preview","Isolated probes linked unchanged production generator code with small support stubs; some composition/route diagnostics are omitted-dependency errors. Not a complete host/build/test gate.","aa4a686677ab41b25ecdfd445b280b45d2f43fb1"
"dictionary-value","0","0","1","1","","Dictionary-element-type.md","10.0.401","Preview","Isolated probes linked unchanged production generator code with small support stubs; some composition/route diagnostics are omitted-dependency errors. Not a complete host/build/test gate.","aa4a686677ab41b25ecdfd445b280b45d2f43fb1"
"wide-enum","0","0","1","2","","Wide-enum-underlying-type.md","10.0.401","Preview","Isolated probes linked unchanged production generator code with small support stubs; some composition/route diagnostics are omitted-dependency errors. Not a complete host/build/test gate.","aa4a686677ab41b25ecdfd445b280b45d2f43fb1"
"nullable-enum","0","0","1","1","","Nullable-enum-analysis.md","10.0.401","Preview","Isolated probes linked unchanged production generator code with small support stubs; some composition/route diagnostics are omitted-dependency errors. Not a complete host/build/test gate.","aa4a686677ab41b25ecdfd445b280b45d2f43fb1"
"nested-custom-recursive","0","0","1","2","","Incomplete-custom-dto-discovery.md","10.0.401","Preview","Isolated probes linked unchanged production generator code with small support stubs; some composition/route diagnostics are omitted-dependency errors. Not a complete host/build/test gate.","aa4a686677ab41b25ecdfd445b280b45d2f43fb1"
"nested-enum-duplicate","0","1","0","0","","Duplicate-nested-enum-output.md","10.0.401","Preview","Isolated probes linked unchanged production generator code with small support stubs; some composition/route diagnostics are omitted-dependency errors. Not a complete host/build/test gate.","aa4a686677ab41b25ecdfd445b280b45d2f43fb1"
"inherited-projection","0","0","0","1","","Inherited-public-properties.md","10.0.401","Preview","Isolated probes linked unchanged production generator code with small support stubs; some composition/route diagnostics are omitted-dependency errors. Not a complete host/build/test gate.","aa4a686677ab41b25ecdfd445b280b45d2f43fb1"
"nested-short-name-collision","0","0","1","3","","Projection-nested-short-name-dedup.md","10.0.401","Preview","Isolated probes linked unchanged production generator code with small support stubs; some composition/route diagnostics are omitted-dependency errors. Not a complete host/build/test gate.","aa4a686677ab41b25ecdfd445b280b45d2f43fb1"
"projection-list-usings","0","0","1","1","","Generated-property-type-imports.md","10.0.401","Preview","Isolated probes linked unchanged production generator code with small support stubs; some composition/route diagnostics are omitted-dependency errors. Not a complete host/build/test gate.","aa4a686677ab41b25ecdfd445b280b45d2f43fb1"
"command-guid-usings","0","0","1","1","","Generated-property-type-imports.md","10.0.401","Preview","Isolated probes linked unchanged production generator code with small support stubs; some composition/route diagnostics are omitted-dependency errors. Not a complete host/build/test gate.","aa4a686677ab41b25ecdfd445b280b45d2f43fb1"
"command-domain-type-usings","0","0","1","1","","Generated-property-type-imports.md","10.0.401","Preview","Isolated probes linked unchanged production generator code with small support stubs; some composition/route diagnostics are omitted-dependency errors. Not a complete host/build/test gate.","aa4a686677ab41b25ecdfd445b280b45d2f43fb1"
"command-control","0","0","0","3","","","10.0.401","Preview","Isolated probes linked unchanged production generator code with small support stubs; some composition/route diagnostics are omitted-dependency errors. Not a complete host/build/test gate.","aa4a686677ab41b25ecdfd445b280b45d2f43fb1"
"command-copy-constructor","0","0","1","3","","Record-copy-constructor-classification.md","10.0.401","Preview","Isolated probes linked unchanged production generator code with small support stubs; some composition/route diagnostics are omitted-dependency errors. Not a complete host/build/test gate.","aa4a686677ab41b25ecdfd445b280b45d2f43fb1"
"command-extra-property","0","0","1","3","","Positional-constructor-all-properties.md","10.0.401","Preview","Isolated probes linked unchanged production generator code with small support stubs; some composition/route diagnostics are omitted-dependency errors. Not a complete host/build/test gate.","aa4a686677ab41b25ecdfd445b280b45d2f43fb1"
"command-default","0","0","0","3","{""DefaultedDomainValue"":42,""DeserializedDtoValue"":0,""MappedCommandValue"":0}","Optional-command-defaults-lost.md","10.0.401","Preview","Isolated probes linked unchanged production generator code with small support stubs; some composition/route diagnostics are omitted-dependency errors. Not a complete host/build/test gate.","aa4a686677ab41b25ecdfd445b280b45d2f43fb1"
"command-ignore","0","0","0","1","","","10.0.401","Preview","Isolated probes linked unchanged production generator code with small support stubs; some composition/route diagnostics are omitted-dependency errors. Not a complete host/build/test gate.","aa4a686677ab41b25ecdfd445b280b45d2f43fb1"
"command-property-name","0","0","0","3","","","10.0.401","Preview","Isolated probes linked unchanged production generator code with small support stubs; some composition/route diagnostics are omitted-dependency errors. Not a complete host/build/test gate.","aa4a686677ab41b25ecdfd445b280b45d2f43fb1"
"command-required","0","0","0","3","","","10.0.401","Preview","Isolated probes linked unchanged production generator code with small support stubs; some composition/route diagnostics are omitted-dependency errors. Not a complete host/build/test gate.","aa4a686677ab41b25ecdfd445b280b45d2f43fb1"
"mcp-control","0","0","0","1","","","10.0.401","Preview","Isolated probes linked unchanged production generator code with small support stubs; some composition/route diagnostics are omitted-dependency errors. Not a complete host/build/test gate.","aa4a686677ab41b25ecdfd445b280b45d2f43fb1"
"mcp-optional-order","0","0","1","1","","Mcp-optional-parameter-order.md","10.0.401","Preview","Isolated probes linked unchanged production generator code with small support stubs; some composition/route diagnostics are omitted-dependency errors. Not a complete host/build/test gate.","aa4a686677ab41b25ecdfd445b280b45d2f43fb1"
"mcp-nonconstant-default","0","0","1","1","","Mcp-nonconstant-property-default.md","10.0.401","Preview","Isolated probes linked unchanged production generator code with small support stubs; some composition/route diagnostics are omitted-dependency errors. Not a complete host/build/test gate.","aa4a686677ab41b25ecdfd445b280b45d2f43fb1"
"mcp-multiline-description","0","0","14","1","","Mcp-multiline-metadata-escaping.md","10.0.401","Preview","Isolated probes linked unchanged production generator code with small support stubs; some composition/route diagnostics are omitted-dependency errors. Not a complete host/build/test gate.","aa4a686677ab41b25ecdfd445b280b45d2f43fb1"
"server-immutable-list","0","0","1","6","","Projection-collection-shape.md","10.0.401","Preview","Isolated probes linked unchanged production generator code with small support stubs; some composition/route diagnostics are omitted-dependency errors. Not a complete host/build/test gate.","aa4a686677ab41b25ecdfd445b280b45d2f43fb1"
"server-nullable-list","0","0","0","6","{""Threw"":true,""Exception"":""ArgumentNullException"",""Message"":""Value cannot be null. (Parameter 'input')""}","Nullable-projection-collection-mapping.md","10.0.401","Preview","Isolated probes linked unchanged production generator code with small support stubs; some composition/route diagnostics are omitted-dependency errors. Not a complete host/build/test gate.","aa4a686677ab41b25ecdfd445b280b45d2f43fb1"
"server-nested-nullable-enum","0","0","1","7","","Nullable-enum-analysis.md","10.0.401","Preview","Isolated probes linked unchanged production generator code with small support stubs; some composition/route diagnostics are omitted-dependency errors. Not a complete host/build/test gate.","aa4a686677ab41b25ecdfd445b280b45d2f43fb1"
"generic-saga-client-composition","0","0","0","0","","Generic-saga-domain-composition.md","10.0.401","Preview","Isolated probes linked unchanged production generator code with small support stubs; some composition/route diagnostics are omitted-dependency errors. Not a complete host/build/test gate.","aa4a686677ab41b25ecdfd445b280b45d2f43fb1"
"nongeneric-saga-client-control","0","0","4","1","","","10.0.401","Preview","Isolated probes linked unchanged production generator code with small support stubs; some composition/route diagnostics are omitted-dependency errors. Not a complete host/build/test gate.","aa4a686677ab41b25ecdfd445b280b45d2f43fb1"
"generic-saga-runtime-composition","0","0","0","0","","Generic-saga-domain-composition.md","10.0.401","Preview","Isolated probes linked unchanged production generator code with small support stubs; some composition/route diagnostics are omitted-dependency errors. Not a complete host/build/test gate.","aa4a686677ab41b25ecdfd445b280b45d2f43fb1"
"nongeneric-saga-runtime-control","0","0","1","1","","","10.0.401","Preview","Isolated probes linked unchanged production generator code with small support stubs; some composition/route diagnostics are omitted-dependency errors. Not a complete host/build/test gate.","aa4a686677ab41b25ecdfd445b280b45d2f43fb1"
"non-domain-client-composition","0","0","4","1","","Legacy-domain-namespace-client-gates.md","10.0.401","Preview","Isolated probes linked unchanged production generator code with small support stubs; some composition/route diagnostics are omitted-dependency errors. Not a complete host/build/test gate.","aa4a686677ab41b25ecdfd445b280b45d2f43fb1"
"domain-client-composition-control","0","0","35","5","","","10.0.401","Preview","Isolated probes linked unchanged production generator code with small support stubs; some composition/route diagnostics are omitted-dependency errors. Not a complete host/build/test gate.","aa4a686677ab41b25ecdfd445b280b45d2f43fb1"
"referenced-projection-registration","0","0","3","2","","Same-run-projection-registration-discovery.md","10.0.401","Preview","Isolated probes linked unchanged production generator code with small support stubs; some composition/route diagnostics are omitted-dependency errors. Not a complete host/build/test gate.","aa4a686677ab41b25ecdfd445b280b45d2f43fb1"
"aggregate-route-override","0","0","20","2","","Aggregate-route-prefix-override.md","10.0.401","Preview","Isolated probes linked unchanged production generator code with small support stubs; some composition/route diagnostics are omitted-dependency errors. Not a complete host/build/test gate.","aa4a686677ab41b25ecdfd445b280b45d2f43fb1"
"same-command-short-name","0","1","0","0","","Command-source-hint-collision.md","10.0.401","Preview","Isolated probes linked unchanged production generator code with small support stubs; some composition/route diagnostics are omitted-dependency errors. Not a complete host/build/test gate.","aa4a686677ab41b25ecdfd445b280b45d2f43fb1"
"mcp-multiline-title","0","0","10","1","","Mcp-multiline-metadata-escaping.md","10.0.401","Preview","Isolated probes linked unchanged production generator code with small support stubs; some composition/route diagnostics are omitted-dependency errors. Not a complete host/build/test gate.","aa4a686677ab41b25ecdfd445b280b45d2f43fb1"
"sourcebuilder-multiline-summary","0","0","3","1","","Sourcebuilder-multiline-summary.md","10.0.401","Preview","Isolated probes linked unchanged production generator code with small support stubs; some composition/route diagnostics are omitted-dependency errors. Not a complete host/build/test gate.","aa4a686677ab41b25ecdfd445b280b45d2f43fb1"
"referenced-mcp-enum-default","0","0","1","1","","Metadata-enum-default-numeric-branch.md","10.0.401","Preview","Isolated probes linked unchanged production generator code with small support stubs; some composition/route diagnostics are omitted-dependency errors. Not a complete host/build/test gate.","aa4a686677ab41b25ecdfd445b280b45d2f43fb1"
"referenced-mcp-string-default","0","0","7","1","","Metadata-default-control-character-escaping.md","10.0.401","Preview","Isolated probes linked unchanged production generator code with small support stubs; some composition/route diagnostics are omitted-dependency errors. Not a complete host/build/test gate.","aa4a686677ab41b25ecdfd445b280b45d2f43fb1"
