"OldChatNumber","OriginalCandidate","Lead","Disposition","CurrentReport","Confidence","Reason","Evidence","SourceBaseline"
"1","1","An interrupted write can block all later writes","Retained or refined","Recovery-skips-pending-writes-after-first-commit.md","High","Re-read current source and supporting evidence. The current report supersedes the earlier wording and records remaining verification.","src/Brooks.Runtime.Storage.Cosmos/Brooks/BrookRecoveryService.cs:69-119","aa4a686677ab41b25ecdfd445b280b45d2f43fb1"
"2","2","A reader can delete an unfinished write","Retained or refined","Reader-recovery-can-delete-an-active-first-write.md","High","Re-read current source and supporting evidence. The current report supersedes the earlier wording and records remaining verification.","src/Brooks.Runtime.Storage.Cosmos/Brooks/BrookRecoveryService.cs:88-92","aa4a686677ab41b25ecdfd445b280b45d2f43fb1"
"3","3","A partly saved batch is not fully undone","Retained or refined","Partial-batch-write-is-outside-rollback-range.md","High","Re-read current source and supporting evidence. The current report supersedes the earlier wording and records remaining verification.","src/Brooks.Runtime.Storage.Cosmos/Brooks/EventBrookWriter.cs:268-284","aa4a686677ab41b25ecdfd445b280b45d2f43fb1"
"4","4","A lost database reply can turn a saved event into a failed request","Retained or refined","Retrying-event-create-after-lost-reply-reports-failure.md","High","Re-read current source and supporting evidence. The current report supersedes the earlier wording and records remaining verification.","src/Brooks.Runtime.Storage.Cosmos/Storage/CosmosRepository.cs:146-152","aa4a686677ab41b25ecdfd445b280b45d2f43fb1"
"5","5","A slow write can continue after its lock expires","Retained or refined","Event-write-can-outlast-its-blob-lease.md","Medium","Re-read current source and supporting evidence. The current report supersedes the earlier wording and records remaining verification.","src/Brooks.Runtime.Storage.Cosmos/Brooks/EventBrookWriter.cs:312-330","aa4a686677ab41b25ecdfd445b280b45d2f43fb1"
"6","6","Failed cleanup loses the information needed for recovery","Retained or refined","Rollback-removes-pending-record-before-checking-deletions.md","High","Re-read current source and supporting evidence. The current report supersedes the earlier wording and records remaining verification.","src/Brooks.Runtime.Storage.Cosmos/Brooks/EventBrookWriter.cs:369-388","aa4a686677ab41b25ecdfd445b280b45d2f43fb1"
"7","7","The first two writers can clash while creating a lock","Retained or refined","Concurrent-first-writers-clash-creating-lock-blob.md","High","Re-read current source and supporting evidence. The current report supersedes the earlier wording and records remaining verification.","src/Brooks.Runtime.Storage.Cosmos/Locking/BlobDistributedLockManager.cs:72-75","aa4a686677ab41b25ecdfd445b280b45d2f43fb1"
"8","8","A saved command can leave the system using old state","Retained or refined","Aggregate-cache-after-committed-publication-failure.md","High","Re-read current source and supporting evidence. The current report supersedes the earlier wording and records remaining verification.","src/DomainModeling.Runtime/GenericAggregateGrain.cs:690-693","aa4a686677ab41b25ecdfd445b280b45d2f43fb1"
"9","9","Follow-on events miss their background work","Retained or refined","Yielded-events-skip-background-effects.md","High","Re-read current source and supporting evidence. The current report supersedes the earlier wording and records remaining verification.","src/DomainModeling.Runtime/GenericAggregateGrain.cs:445-468","aa4a686677ab41b25ecdfd445b280b45d2f43fb1"
"10","12","A write can be missed while a reader starts","Rejected","","","The default Brooks cursor has an implicit subscription. Read-before-observer ordering alone does not establish a missed update.","src/Brooks.Runtime/Cursor/BrookCursorGrain.cs:24-28; Orleans implicit-subscription documentation","aa4a686677ab41b25ecdfd445b280b45d2f43fb1"
"11","53","An early read can leave later reads using an incomplete cache","Retained or refined","Slice-reader-keeps-an-incomplete-initial-cache.md","Medium","Re-read current source and supporting evidence. The current report supersedes the earlier wording and records remaining verification.","src/Brooks.Runtime/Reader/BrookSliceReaderGrain.cs:99-110","aa4a686677ab41b25ecdfd445b280b45d2f43fb1"
"12","11","Changing reducer order can reuse results built in the old order","Retained or refined","Reducer-order-change-keeps-the-same-snapshot-hash.md","High","Re-read current source and supporting evidence. The current report supersedes the earlier wording and records remaining verification.","src/Tributary.Runtime/RootReducer.cs:96-101","aa4a686677ab41b25ecdfd445b280b45d2f43fb1"
"13","34","State updaters can run in the wrong order","Rejected","","","Typed/indexed reducers deliberately run before fallback entries. The earlier ordering claim contradicts existing tests and documentation.","tests/Tributary.Runtime.L0Tests/RootReducerTests.cs:279-297; docs/Docusaurus/docs/reservoir/concepts/state-flow.md:38","aa4a686677ab41b25ecdfd445b280b45d2f43fb1"
"14","35","One event type is skipped by a reducer that handles two","Retained or refined","Reducer-with-two-event-interfaces-is-indexed-for-only-one.md","Medium","Re-read current source and supporting evidence. The current report supersedes the earlier wording and records remaining verification.","src/Tributary.Runtime/RootReducer.cs:113-130","aa4a686677ab41b25ecdfd445b280b45d2f43fb1"
"15","26","Valid signed-in users can be refused live updates","Retained or refined","Inlet-auth-scheme-compared-to-identity-label.md","High","Re-read current source and supporting evidence. The current report supersedes the earlier wording and records remaining verification.","src/Inlet.Gateway/InletHub.cs:89-95","aa4a686677ab41b25ecdfd445b280b45d2f43fb1"
"16","38","The response version can belong to different data","Retained or refined","Projection-body-etag-version-race.md","High","Re-read current source and supporting evidence. The current report supersedes the earlier wording and records remaining verification.","src/DomainModeling.Gateway/UxProjectionControllerBase{TProjection,TDto}.cs:129-159","aa4a686677ab41b25ecdfd445b280b45d2f43fb1"
"17","14","Failed subscription setup leaves an entry the caller cannot remove","Retained or refined","Inlet-subscription-setup-leaves-unreturned-entry.md","High","Re-read current source and supporting evidence. The current report supersedes the earlier wording and records remaining verification.","src/Inlet.Runtime/Grains/InletSubscriptionGrain.cs:260-275","aa4a686677ab41b25ecdfd445b280b45d2f43fb1"
"18","15","Registering a second module erases the first module","Rejected","","","Each assembly-scan call is documented as replacing registries with that call. All assemblies must be passed together.","docs/Docusaurus/docs/inlet/reference/generated-contracts.md:67","aa4a686677ab41b25ecdfd445b280b45d2f43fb1"
"19","27","Quiet connections can lose the routes needed for delivery","Retained or refined","Aqueduct-idle-collection-loses-live-routing.md","Medium","Re-read current source and supporting evidence. The current report supersedes the earlier wording and records remaining verification.","src/Aqueduct.Runtime/Grains/SignalRClientGrain.cs:44-51","aa4a686677ab41b25ecdfd445b280b45d2f43fb1"
"20","28","One failed group member prevents delivery to the rest","Retained or refined","Aqueduct-group-failure-aborts-other-members.md","Medium","Re-read current source and supporting evidence. The current report supersedes the earlier wording and records remaining verification.","src/Aqueduct.Runtime/Grains/SignalRGroupGrain.cs:167-171","aa4a686677ab41b25ecdfd445b280b45d2f43fb1"
"21","29","Messages sent to a user go to a group nobody joined","Retained or refined","Aqueduct-user-target-key-rejected.md","High","Re-read current source and supporting evidence. The current report supersedes the earlier wording and records remaining verification.","src/Aqueduct.Gateway/AqueductHubLifetimeManager.cs:329-331","aa4a686677ab41b25ecdfd445b280b45d2f43fb1"
"22","30","Different hubs can share the wrong broadcast channel","Retained or refined","Aqueduct-multiple-hubs-share-state.md","High","Re-read current source and supporting evidence. The current report supersedes the earlier wording and records remaining verification.","src/Aqueduct.Gateway/AqueductRegistrations.cs:43-48","aa4a686677ab41b25ecdfd445b280b45d2f43fb1"
"23","31","Retrying stream setup can deliver a message twice","Retained or refined","Aqueduct-partial-stream-setup-leaks-subscription.md","High","Re-read current source and supporting evidence. The current report supersedes the earlier wording and records remaining verification.","src/Aqueduct.Gateway/StreamSubscriptionManager.cs:115-127","aa4a686677ab41b25ecdfd445b280b45d2f43fb1"
"24","32","A failed heartbeat startup is never retried","Retained or refined","Aqueduct-heartbeat-startup-cannot-retry.md","High","Re-read current source and supporting evidence. The current report supersedes the earlier wording and records remaining verification.","src/Aqueduct.Gateway/AqueductHubLifetimeManager.cs:354-373","aa4a686677ab41b25ecdfd445b280b45d2f43fb1"
"25","16","An older reply can replace newer data on screen","Rejected","","","Correctly labelled reads are allowed to complete out of order; applications own a monotonic update policy.","docs/Docusaurus/docs/inlet/reference/generated-contracts.md:120-122","aa4a686677ab41b25ecdfd445b280b45d2f43fb1"
"26","17","Two subscriptions started together can leave one behind","Retained or refined","Inlet-concurrent-subscribe-loses-id.md","High","Re-read current source and supporting evidence. The current report supersedes the earlier wording and records remaining verification.","src/Inlet.Client/ActionEffects/InletSignalRActionEffect.cs:245-297","aa4a686677ab41b25ecdfd445b280b45d2f43fb1"
"27","18","Closing a page can leave its unfinished subscription running","Retained or refined","Inlet-unsubscribe-pending-subscribe-completes-late.md","High","Re-read current source and supporting evidence. The current report supersedes the earlier wording and records remaining verification.","src/Inlet.Client/ActionEffects/InletSignalRActionEffect.cs:345-355","aa4a686677ab41b25ecdfd445b280b45d2f43fb1"
"28","19","Closing one component can stop another component's updates","Rejected","","","The supported subscription contract assigns each DTO/entity pair a single application owner; multiple-owner reference counting is not promised.","docs/Docusaurus/docs/inlet/how-to/subscribe-to-projections.md:17-23,155","aa4a686677ab41b25ecdfd445b280b45d2f43fb1"
"29","20","A timed-out fetch can leave the page loading forever","Retained or refined","Inlet-fetch-timeout-keeps-loading.md","High","Re-read current source and supporting evidence. The current report supersedes the earlier wording and records remaining verification.","src/Inlet.Client/ActionEffects/InletSignalRActionEffect.cs:191-210","aa4a686677ab41b25ecdfd445b280b45d2f43fb1"
"30","21","Failed unsubscribe loses the ID needed to try again","Rejected","","","Unsubscribe is explicitly best-effort: local interest is removed first and disconnect clears server subscriptions.","src/Inlet.Client/ActionEffects/InletSignalRActionEffect.cs:345-380","aa4a686677ab41b25ecdfd445b280b45d2f43fb1"
"31","22","Failed reconnection can leave updates marked active","Retained or refined","Inlet-failed-resubscribe-retains-dead-id.md","Medium","Re-read current source and supporting evidence. The current report supersedes the earlier wording and records remaining verification.","src/Inlet.Client/ActionEffects/InletSignalRActionEffect.cs:451-476","aa4a686677ab41b25ecdfd445b280b45d2f43fb1"
"32","23","Restarting a closed connection leaves subscriptions behind","Retained or refined","Inlet-restarted-closed-connection-keeps-old-ids.md","High","Re-read current source and supporting evidence. The current report supersedes the earlier wording and records remaining verification.","src/Inlet.Client/ActionEffects/HubConnectionProvider.cs:79-83","aa4a686677ab41b25ecdfd445b280b45d2f43fb1"
"33","24","A second request can use a connection before it is ready","Retained or refined","Inlet-connection-start-returns-before-ready.md","High","Re-read current source and supporting evidence. The current report supersedes the earlier wording and records remaining verification.","src/Inlet.Client/ActionEffects/HubConnectionProvider.cs:79-84","aa4a686677ab41b25ecdfd445b280b45d2f43fb1"
"34","25","Failed startup can leave the connection shown as connecting","Retained or refined","Inlet-failed-start-leaves-connecting-state.md","Medium","Re-read current source and supporting evidence. The current report supersedes the earlier wording and records remaining verification.","src/Inlet.Client/ActionEffects/HubConnectionProvider.cs:81-83","aa4a686677ab41b25ecdfd445b280b45d2f43fb1"
"35","41","Default API paths fail when the app runs in a subfolder","Retained or refined","Inlet-default-root-relative-routes-ignore-base-path.md","Medium","Re-read current source and supporting evidence. The current report supersedes the earlier wording and records remaining verification.","src/Inlet.Client/ActionEffects/AutoProjectionFetcher.cs:32-32","aa4a686677ab41b25ecdfd445b280b45d2f43fb1"
"36","37","Overlapping state updates can lose a change","Rejected","","","Shared-store dispatch must be serialized. The documented boundary explicitly warns that concurrent reductions can replace updates.","docs/Docusaurus/docs/reservoir/concepts/state-flow.md:75; docs/Docusaurus/docs/reservoir/reference/middleware.md:36","aa4a686677ab41b25ecdfd445b280b45d2f43fb1"
"37","39","Commands use POST even when the server expects another verb","Retained or refined","Inlet-command-always-posts.md","High","Re-read current source and supporting evidence. The current report supersedes the earlier wording and records remaining verification.","src/Inlet.Client.Abstractions/ActionEffects/CommandActionEffectBase.cs:149-151","aa4a686677ab41b25ecdfd445b280b45d2f43fb1"
"38","40","Special characters in an ID can change the request address","Retained or refined","Inlet-command-id-changes-url.md","High","Re-read current source and supporting evidence. The current report supersedes the earlier wording and records remaining verification.","src/Inlet.Client.Abstractions/ActionEffects/CommandActionEffectBase.cs:208-211","aa4a686677ab41b25ecdfd445b280b45d2f43fb1"
"39","42","An unreadable reply can leave a command running forever","Retained or refined","Inlet-malformed-command-reply-keeps-in-flight.md","High","Re-read current source and supporting evidence. The current report supersedes the earlier wording and records remaining verification.","src/Inlet.Client.Abstractions/ActionEffects/CommandActionEffectBase.cs:144-161","aa4a686677ab41b25ecdfd445b280b45d2f43fb1"
"40","45","Some collection mappings produce the wrong kind of collection","Retained or refined","Projection-collection-shape.md","High","Re-read current source and supporting evidence. The current report supersedes the earlier wording and records remaining verification.","src/Inlet.Gateway.Generators/ProjectionEndpointsGenerator.cs:403-407","aa4a686677ab41b25ecdfd445b280b45d2f43fb1"
"41","49","Extra properties break generated record constructors","Retained or refined","Positional-constructor-all-properties.md","High","Re-read current source and supporting evidence. The current report supersedes the earlier wording and records remaining verification.","src/Inlet.Gateway.Generators/CommandServerDtoGenerator.cs:175-187","aa4a686677ab41b25ecdfd445b280b45d2f43fb1"
"42","51","An absent optional list can crash response mapping","Retained or refined","Nullable-projection-collection-mapping.md","High","Re-read current source and supporting evidence. The current report supersedes the earlier wording and records remaining verification.","src/Inlet.Gateway.Generators/ProjectionEndpointsGenerator.cs:403-407","aa4a686677ab41b25ecdfd445b280b45d2f43fb1"
"43","46","A nested object can be left without a generated response type","Retained or refined","Incomplete-custom-dto-discovery.md","High","Re-read current source and supporting evidence. The current report supersedes the earlier wording and records remaining verification.","src/Inlet.Client.Generators/ProjectionClientDtoGenerator.cs:127-143","aa4a686677ab41b25ecdfd445b280b45d2f43fb1"
"44","48","Large enum values break generated code","Retained or refined","Wide-enum-underlying-type.md","High","Re-read current source and supporting evidence. The current report supersedes the earlier wording and records remaining verification.","src/Inlet.Client.Generators/ProjectionClientDtoGenerator.cs:169-183","aa4a686677ab41b25ecdfd445b280b45d2f43fb1"
"45","50","Matching short names in different namespaces lose generated types","Retained or refined","Projection-nested-short-name-dedup.md","High","Re-read current source and supporting evidence. The current report supersedes the earlier wording and records remaining verification.","src/Inlet.Client.Generators/ProjectionClientDtoGenerator.cs:120-143","aa4a686677ab41b25ecdfd445b280b45d2f43fb1"
"46","54","Optional enums refer to a response type that was never generated","Retained or refined","Nullable-enum-analysis.md","High","Re-read current source and supporting evidence. The current report supersedes the earlier wording and records remaining verification.","src/Inlet.Generators.Core/Analysis/TypeAnalyzer.cs:153-156","aa4a686677ab41b25ecdfd445b280b45d2f43fb1"
"47","43","Arrays of custom objects leave required types missing","Retained or refined","Array-collection-detection.md","High","Re-read current source and supporting evidence. The current report supersedes the earlier wording and records remaining verification.","src/Inlet.Generators.Core/Analysis/TypeAnalyzer.cs:123-145","aa4a686677ab41b25ecdfd445b280b45d2f43fb1"
"48","44","Dictionary keys are mistaken for the value type","Retained or refined","Dictionary-element-type.md","High","Re-read current source and supporting evidence. The current report supersedes the earlier wording and records remaining verification.","src/Inlet.Generators.Core/Analysis/TypeAnalyzer.cs:30-41","aa4a686677ab41b25ecdfd445b280b45d2f43fb1"
"49","47","Inherited properties disappear from generated data","Retained or refined","Inherited-public-properties.md","High","Re-read current source and supporting evidence. The current report supersedes the earlier wording and records remaining verification.","src/Inlet.Generators.Core/Analysis/ProjectionModel.cs:60-66","aa4a686677ab41b25ecdfd445b280b45d2f43fb1"
"50","52","Recovering a transfer can move the same money twice","Outside scope","","","The source is under samples rather than src. It was not included in this expanded review.","samples/Spring/Spring.Domain/Aggregates/MoneyTransferSaga/Steps/WithdrawFromSourceStep.cs","aa4a686677ab41b25ecdfd445b280b45d2f43fb1"
"","","Distinct SagaInputProvided<TInput> specializations share one storage name","Rejected","","","Explicit AddEventType<T> registration calls EventStorageNameHelper.GetStorageName<T>(), which hashes constructed generic argument identities into the name. The exact two-input scenario has a focused regression test.","src/DomainModeling.Runtime/AggregateRegistrations.cs:371-373; src/Brooks.Abstractions/Attributes/EventStorageNameHelper.cs:103-115; tests/DomainModeling.Runtime.L0Tests/SagaRegistrationsTests.cs:38-51","aa4a686677ab41b25ecdfd445b280b45d2f43fb1"
"","","Assembly-scanned open generic event definition is unconstructable","No finding selected","","","ScanAssembly stores attributed open definitions directly, but ordinary saga registration explicitly registers the closed constructed type first using the hashed identity. No supported runtime trigger from normal saga setup was established. Merely adding closed-generic scan inference would be missing functionality.","src/DomainModeling.Runtime/EventTypeRegistry.cs:77-86; src/DomainModeling.Runtime/SagaRegistrations.cs:29-31","aa4a686677ab41b25ecdfd445b280b45d2f43fb1"
"","","StepHash is stored but not used to reject deployment changes","No finding selected","","","A versioned/reordered step deployment might benefit from protection, but no existing mismatch-rejection or replay-compatibility requirement was established. Reporting it would infer a missing feature.","","aa4a686677ab41b25ecdfd445b280b45d2f43fb1"
"","","RootCommandHandler indexes only the first typed command interface per handler","No finding selected","","","A manually authored multi-command-interface implementation could expose this limitation, but the normal CommandHandlerBase registration model is single-command and no concrete accepted consumer requiring multi-interface dispatch was established. Preserve as an unselected weak contract lead.","","aa4a686677ab41b25ecdfd445b280b45d2f43fb1"
"","","Projection subscription grain is incomplete","Excluded missing-functionality observation","","","UxProjectionSubscriptionGrain explicitly marks future stream implementation/rehydration. The user's objective excludes missing functionality.","src/DomainModeling.Runtime/Subscriptions/UxProjectionSubscriptionGrain.cs:108-130","aa4a686677ab41b25ecdfd445b280b45d2f43fb1"
"","","Default Brooks cursor accumulates explicit subscriptions","Rejected for the default stream","","","BrookCursorGrain has [ImplicitStreamSubscription] at line 24. Orleans gives that namespace one implicit subscription; its SubscribeAsync call attaches the observer and does not accumulate explicit handles.","src/Brooks.Runtime/Cursor/BrookCursorGrain.cs:24-28; src/Brooks.Runtime/Cursor/BrookCursorGrain.cs:139-143","aa4a686677ab41b25ecdfd445b280b45d2f43fb1"
"","","Default Brooks cursor shares UX activation missed-update window","Not established; keep separate from UX finding","","","Brooks' implicit logical subscription exists before activation and stream events can trigger/await activation. Read-before-observer-attachment alone does not prove a missed event for that path. A provider-specific or custom-namespace trigger would require further evidence.","","aa4a686677ab41b25ecdfd445b280b45d2f43fb1"
"","","Generator metadata override attributes","Not promoted","","","Unused ignore/required/property-name markers need an implementation-status contract; the task excludes missing features.","src/Inlet.Generators.Abstractions; generator override probe cases","aa4a686677ab41b25ecdfd445b280b45d2f43fb1"
"","","Mixed-controller force authorization","Rejected","","","The generated contract explicitly documents skipping controller-wide defaults after an annotated action.","docs/Docusaurus/docs/inlet/reference/generated-contracts.md:85","aa4a686677ab41b25ecdfd445b280b45d2f43fb1"
"","","AddInletServer without Aqueduct","Rejected","","","Supported server composition requires AddAqueduct alongside AddInletServer.","docs/Docusaurus/docs/inlet/reference/generated-contracts.md:62-65","aa4a686677ab41b25ecdfd445b280b45d2f43fb1"
"","","Reservoir multi-interface action reducer","Rejected","","","Each typed action reducer explicitly handles exactly one action type.","src/Reservoir.Abstractions/IActionReducer.cs:42-43","aa4a686677ab41b25ecdfd445b280b45d2f43fb1"
"","","Inheritance-only action dispatch","Rejected","","","Exact runtime action-type dispatch is explicit.","src/Reservoir.Core/RootReducer.cs:17-20; src/Reservoir.Core/RootActionEffect.cs:23-27","aa4a686677ab41b25ecdfd445b280b45d2f43fb1"
"","","Unscheduled dead-server cleanup","Not promoted","","","No implemented automatic-cleanup contract was established; this would be a missing feature.","docs/Docusaurus/docs/aqueduct/migration/migration.md:182","aa4a686677ab41b25ecdfd445b280b45d2f43fb1"
"","","Failed projection notification lacks replay","Not promoted","","","No durable replay or automatic retry promise was established.","src/Inlet.Runtime/Grains/InletSubscriptionGrain.cs:195-228","aa4a686677ab41b25ecdfd445b280b45d2f43fb1"
"","","DevTools checker before first server circuit","Not promoted","","","The five-second development check is documented; supported-server false failure was not established.","docs/Docusaurus/docs/reservoir/reference/devtools.md:78","aa4a686677ab41b25ecdfd445b280b45d2f43fb1"
"","","Aqueduct user-group membership","Not promoted","","","The default user-send path already fails on its internally generated colon key. Missing membership remains a distinct masked observation without a separately established supported path.","src/Aqueduct.Gateway/AqueductHubLifetimeManager.cs:152-165","aa4a686677ab41b25ecdfd445b280b45d2f43fb1"
"","","Inactive snapshot write-model mapper","Not promoted","","","The normal provider path does not use this mapper; no active failure path was established.","src/Tributary.Runtime.Storage.Cosmos","aa4a686677ab41b25ecdfd445b280b45d2f43fb1"
"","","Very large numeric position and size overflows","Not promoted","","","No credible normal-use input or caller was established; purely theoretical limits were excluded.","Brooks and Tributary range/size helpers","aa4a686677ab41b25ecdfd445b280b45d2f43fb1"
