"Rank","Project","Criticality","CSharpFiles","SourceLines","Findings","Reason","Basis","SourceBaseline"
"1","Brooks.Runtime.Storage.Cosmos","Critical","39","3916","7","Durable event writes, write rollback and recovery for the Cosmos provider.","Source-role judgement for an event-sourced application using these components; not measured failure frequency or bug severity.","aa4a686677ab41b25ecdfd445b280b45d2f43fb1"
"2","Brooks.Runtime","Critical","17","1712","2","Coordinates event appends, readers and live cursor publication.","Source-role judgement for an event-sourced application using these components; not measured failure frequency or bug severity.","aa4a686677ab41b25ecdfd445b280b45d2f43fb1"
"3","DomainModeling.Runtime","Critical","49","6011","5","Executes commands, rebuilds aggregate state and runs effects and sagas.","Source-role judgement for an event-sourced application using these components; not measured failure frequency or bug severity.","aa4a686677ab41b25ecdfd445b280b45d2f43fb1"
"4","Tributary.Runtime","Critical","17","1674","3","Replays events and constructs cached projection state.","Source-role judgement for an event-sourced application using these components; not measured failure frequency or bug severity.","aa4a686677ab41b25ecdfd445b280b45d2f43fb1"
"5","Common.Runtime.Storage.Cosmos","Critical","2","223","0","Shared Cosmos retry behaviour affects event and snapshot storage.","Source-role judgement for an event-sourced application using these components; not measured failure frequency or bug severity.","aa4a686677ab41b25ecdfd445b280b45d2f43fb1"
"6","Brooks.Serialization.Json","Critical","2","119","0","Converts stored event payloads to and from their runtime types.","Source-role judgement for an event-sourced application using these components; not measured failure frequency or bug severity.","aa4a686677ab41b25ecdfd445b280b45d2f43fb1"
"7","Tributary.Runtime.Storage.Cosmos","Critical","24","2056","1","Persists and retrieves snapshots used by state reconstruction.","Source-role judgement for an event-sourced application using these components; not measured failure frequency or bug severity.","aa4a686677ab41b25ecdfd445b280b45d2f43fb1"
"8","Brooks.Abstractions","High","22","1829","0","Shared event positions, stream identities and event-sourcing contracts.","Source-role judgement for an event-sourced application using these components; not measured failure frequency or bug severity.","aa4a686677ab41b25ecdfd445b280b45d2f43fb1"
"9","Brooks.Runtime.Storage.Abstractions","High","4","138","0","Connects runtime event operations to storage providers.","Source-role judgement for an event-sourced application using these components; not measured failure frequency or bug severity.","aa4a686677ab41b25ecdfd445b280b45d2f43fb1"
"10","DomainModeling.Abstractions","High","52","3434","0","Shared command, aggregate, effect and saga contracts.","Source-role judgement for an event-sourced application using these components; not measured failure frequency or bug severity.","aa4a686677ab41b25ecdfd445b280b45d2f43fb1"
"11","Tributary.Abstractions","High","12","891","0","Defines reducers, snapshots and reconstruction contracts.","Source-role judgement for an event-sourced application using these components; not measured failure frequency or bug severity.","aa4a686677ab41b25ecdfd445b280b45d2f43fb1"
"12","Brooks.Serialization.Abstractions","High","6","188","0","Shared contracts at the stored-event conversion boundary.","Source-role judgement for an event-sourced application using these components; not measured failure frequency or bug severity.","aa4a686677ab41b25ecdfd445b280b45d2f43fb1"
"13","Common.Runtime.Storage.Abstractions","High","1","24","0","Defines the shared storage retry boundary.","Source-role judgement for an event-sourced application using these components; not measured failure frequency or bug severity.","aa4a686677ab41b25ecdfd445b280b45d2f43fb1"
"14","Common.Abstractions","High","6","192","1","Shared operation results and mapping used across components.","Source-role judgement for an event-sourced application using these components; not measured failure frequency or bug severity.","aa4a686677ab41b25ecdfd445b280b45d2f43fb1"
"15","Tributary.Runtime.Storage.Abstractions","High","4","134","0","Connects snapshot reconstruction to persistence providers.","Source-role judgement for an event-sourced application using these components; not measured failure frequency or bug severity.","aa4a686677ab41b25ecdfd445b280b45d2f43fb1"
"16","DomainModeling.Gateway","High","6","785","3","Exposes aggregate commands and versioned projection reads over HTTP.","Source-role judgement for an event-sourced application using these components; not measured failure frequency or bug severity.","aa4a686677ab41b25ecdfd445b280b45d2f43fb1"
"17","Inlet.Gateway","High","8","847","1","Authorizes and serves live projection subscriptions.","Source-role judgement for an event-sourced application using these components; not measured failure frequency or bug severity.","aa4a686677ab41b25ecdfd445b280b45d2f43fb1"
"18","Inlet.Runtime","High","7","1028","2","Tracks projection interests and forwards cursor changes to clients.","Source-role judgement for an event-sourced application using these components; not measured failure frequency or bug severity.","aa4a686677ab41b25ecdfd445b280b45d2f43fb1"
"19","Aqueduct.Runtime","High","15","1629","2","Routes messages through connection and group grains.","Source-role judgement for an event-sourced application using these components; not measured failure frequency or bug severity.","aa4a686677ab41b25ecdfd445b280b45d2f43fb1"
"20","Aqueduct.Gateway","High","17","1611","4","Connects SignalR hub lifecycles to distributed routing and streams.","Source-role judgement for an event-sourced application using these components; not measured failure frequency or bug severity.","aa4a686677ab41b25ecdfd445b280b45d2f43fb1"
"21","Hosting.Runtime","High","5","464","0","Composes and validates runtime service setup.","Source-role judgement for an event-sourced application using these components; not measured failure frequency or bug severity.","aa4a686677ab41b25ecdfd445b280b45d2f43fb1"
"22","Hosting.Runtime.Abstractions","High","2","61","0","Contracts for staged runtime composition.","Source-role judgement for an event-sourced application using these components; not measured failure frequency or bug severity.","aa4a686677ab41b25ecdfd445b280b45d2f43fb1"
"23","Hosting.Abstractions","High","4","195","0","Shared hosting builder and configuration contracts.","Source-role judgement for an event-sourced application using these components; not measured failure frequency or bug severity.","aa4a686677ab41b25ecdfd445b280b45d2f43fb1"
"24","Aqueduct.Abstractions","High","16","988","0","Shared connection/group keys and distributed message contracts.","Source-role judgement for an event-sourced application using these components; not measured failure frequency or bug severity.","aa4a686677ab41b25ecdfd445b280b45d2f43fb1"
"25","Inlet.Runtime.Abstractions","High","5","193","0","Shared projection registries and subscription-grain contracts.","Source-role judgement for an event-sourced application using these components; not measured failure frequency or bug severity.","aa4a686677ab41b25ecdfd445b280b45d2f43fb1"
"26","Inlet.Gateway.Abstractions","High","5","421","1","Shared gateway notification and projection factory contracts.","Source-role judgement for an event-sourced application using these components; not measured failure frequency or bug severity.","aa4a686677ab41b25ecdfd445b280b45d2f43fb1"
"27","Inlet.Abstractions","High","1","118","0","Projection-path metadata shared by generated and runtime surfaces.","Source-role judgement for an event-sourced application using these components; not measured failure frequency or bug severity.","aa4a686677ab41b25ecdfd445b280b45d2f43fb1"
"28","Inlet.Gateway.Generators","Medium","9","5394","7","Produces HTTP and MCP endpoints and transport mappings.","Source-role judgement for an event-sourced application using these components; not measured failure frequency or bug severity.","aa4a686677ab41b25ecdfd445b280b45d2f43fb1"
"29","Inlet.Runtime.Generators","Medium","5","2777","0","Produces runtime registrations for aggregate and projection types.","Source-role judgement for an event-sourced application using these components; not measured failure frequency or bug severity.","aa4a686677ab41b25ecdfd445b280b45d2f43fb1"
"30","Inlet.Generators.Core","Medium","11","2534","10","Shared symbol analysis, naming and source emission for generators.","Source-role judgement for an event-sourced application using these components; not measured failure frequency or bug severity.","aa4a686677ab41b25ecdfd445b280b45d2f43fb1"
"31","Inlet.Generators.Abstractions","Medium","17","790","0","Public generation markers and options.","Source-role judgement for an event-sourced application using these components; not measured failure frequency or bug severity.","aa4a686677ab41b25ecdfd445b280b45d2f43fb1"
"32","Inlet.Client.Generators","Medium","18","4303","10","Produces client DTOs, command effects and feature registrations.","Source-role judgement for an event-sourced application using these components; not measured failure frequency or bug severity.","aa4a686677ab41b25ecdfd445b280b45d2f43fb1"
"33","Inlet.Client","Medium","33","2896","9","Maintains live projection interests, HTTP fetches and transport state.","Source-role judgement for an event-sourced application using these components; not measured failure frequency or bug severity.","aa4a686677ab41b25ecdfd445b280b45d2f43fb1"
"34","Inlet.Client.Abstractions","Medium","28","1630","3","Shared command/projection actions, effect bases and client state.","Source-role judgement for an event-sourced application using these components; not measured failure frequency or bug severity.","aa4a686677ab41b25ecdfd445b280b45d2f43fb1"
"35","Reservoir.Core","Medium","11","1840","2","Client state reduction, listener notification and effects.","Source-role judgement for an event-sourced application using these components; not measured failure frequency or bug severity.","aa4a686677ab41b25ecdfd445b280b45d2f43fb1"
"36","Reservoir.Abstractions","Medium","23","1022","0","Shared client store, state, reducer and effect contracts.","Source-role judgement for an event-sourced application using these components; not measured failure frequency or bug severity.","aa4a686677ab41b25ecdfd445b280b45d2f43fb1"
"37","Reservoir.Client","Medium","27","2249","0","Blazor store bindings and development diagnostics.","Source-role judgement for an event-sourced application using these components; not measured failure frequency or bug severity.","aa4a686677ab41b25ecdfd445b280b45d2f43fb1"
"38","Hosting.Client","Medium","3","315","0","Composes client services and feature setup.","Source-role judgement for an event-sourced application using these components; not measured failure frequency or bug severity.","aa4a686677ab41b25ecdfd445b280b45d2f43fb1"
"39","Refraction.Client.StateManagement","Medium","2","165","1","Connects Refraction scenes and themes to client state.","Source-role judgement for an event-sourced application using these components; not measured failure frequency or bug severity.","aa4a686677ab41b25ecdfd445b280b45d2f43fb1"
"40","Refraction.Client","Low","27","1381","0","Presentation components; failures affect the user interface.","Source-role judgement for an event-sourced application using these components; not measured failure frequency or bug severity.","aa4a686677ab41b25ecdfd445b280b45d2f43fb1"
"41","Refraction.Abstractions","Low","3","131","0","Shared presentation identifiers and component contracts.","Source-role judgement for an event-sourced application using these components; not measured failure frequency or bug severity.","aa4a686677ab41b25ecdfd445b280b45d2f43fb1"
"42","DomainModeling.TestHarness","Low","19","2683","0","Test-only structural checks for domain modelling.","Source-role judgement for an event-sourced application using these components; not measured failure frequency or bug severity.","aa4a686677ab41b25ecdfd445b280b45d2f43fb1"
"43","Reservoir.TestHarness","Low","3","407","0","Test-only helpers for reducers and effects.","Source-role judgement for an event-sourced application using these components; not measured failure frequency or bug severity.","aa4a686677ab41b25ecdfd445b280b45d2f43fb1"
